17, 27, 84, 77, 81, 95, 93, 57, 24, 36, 22, 91, 2, 49, 57, 99, 77, 5, 6, 57, 67, 46, 87, 33, 35
99, 53, 27, 15, 82, 81, 27, 67, 95, 72, 29, 56, 31, 28, 87, 97, 52, 72, 82, 84, 67, 17, 97, 42, 42
95, 87, 24, 40, 28, 10, 80, 7, 4, 2, 74, 69, 76, 49, 61, 11, 44, 81, 71, 21, 23, 99, 20, 31, 35
84, 47, 96, 60, 39, 30, 32, 89, 11, 27, 41, 44, 65, 68, 57, 36, 57, 21, 86, 14, 70, 85, 58, 85, 4
75, 73, 31, 85, 91, 91, 27, 77, 4, 12, 26, 99, 49, 81, 50, 4, 20, 56, 66, 83, 86, 61, 61, 48, 38
54, 28, 71, 53, 68, 2, 98, 27, 79, 9, 66, 95, 53, 48, 12, 42, 94, 64, 12, 72, 3, 39, 43, 17, 53
37, 26, 9, 6, 94, 15, 25, 20, 38, 7, 42, 22, 70, 71, 1, 86, 81, 20, 71, 64, 17, 19, 83, 68, 9
89, 54, 67, 83, 65, 78, 32, 41, 25, 48, 28, 44, 14, 74, 79, 32, 84, 1, 7, 61, 99, 64, 28, 83, 93
16, 37, 19, 68, 40, 68, 91, 60, 8, 76, 27, 50, 20, 94, 2, 41, 70, 15, 70, 10, 63, 96, 69, 48, 95
54, 53, 26, 100, 46, 97, 77, 10, 45, 62, 84, 26, 87, 36, 71, 81, 79, 84, 55, 17, 99, 33, 78, 58, 37
47, 71, 83, 100, 8, 16, 56, 36, 24, 33, 62, 77, 31, 66, 91, 76, 9, 20, 25, 75, 67, 87, 16, 86, 55
78, 37, 50, 25, 39, 8, 91, 5, 51, 4, 6, 71, 37, 94, 20, 14, 53, 19, 15, 75, 58, 22, 6, 95, 87
97, 51, 6, 19, 66, 93, 23, 32, 97, 100, 16, 50, 87, 23, 64, 14, 69, 92, 48, 45, 34, 92, 36, 48, 21
82, 96, 92, 33, 74, 64, 92, 60, 59, 40, 1, 56, 13, 91, 12, 50, 66, 32, 30, 62, 17, 2, 63, 28, 84
5, 35, 50, 92, 32, 27, 89, 81, 58, 46, 50, 72, 76, 51, 94, 13, 75, 63, 30, 90, 21, 71, 24, 94, 32
43, 42, 4, 50, 1, 26, 42, 60, 86, 80, 21, 15, 49, 74, 13, 84, 64, 75, 89, 91, 66, 36, 24, 94, 35
99, 98, 87, 28, 67, 22, 6, 85, 17, 7, 25, 6, 94, 47, 36, 73, 73, 4, 64, 72, 88, 75, 82, 25, 68
79, 72, 3, 6, 16, 95, 64, 40, 3, 71, 59, 70, 8, 9, 99, 25, 15, 78, 39, 91, 34, 29, 49, 79, 34
66, 58, 39, 26, 77, 33, 34, 38, 11, 13, 62, 74, 69, 10, 54, 98, 19, 2, 35, 86, 60, 82, 59, 35, 49
53, 22, 11, 33, 54, 2, 55, 23, 36, 83, 83, 58, 99, 38, 72, 73, 98, 12, 56, 99, 38, 89, 92, 72, 50
51, 9, 6, 82, 69, 51, 15, 76, 76, 28, 89, 24, 49, 80, 29, 83, 37, 65, 91, 88, 76, 93, 26, 44, 70
35, 30, 48, 85, 82, 32, 99, 80, 38, 94, 33, 19, 54, 94, 43, 14, 4, 14, 54, 91, 24, 24, 73, 88, 30
36, 85, 71, 63, 96, 70, 72, 93, 23, 15, 53, 83, 38, 34, 48, 31, 64, 63, 31, 92, 58, 30, 35, 92, 12
20, 24, 89, 41, 19, 53, 6, 58, 98, 68, 85, 18, 29, 77, 1, 12, 98, 75, 26, 77, 76, 26, 33, 81, 42
79, 11, 80, 19, 6, 35, 1, 43, 82, 1, 8, 86, 41, 87, 3, 64, 25, 53, 94, 72, 86, 78, 87, 81, 3